id,name,total_page,url
0,é¾å¤´å¯º,45,/ershoufang/longtousi/
1,é¸³é¸¯,0,/ershoufang/yuanyang/
2,é»æ³¥ç£,12,/ershoufang/huangnibang/
3,è±åå­,12,/ershoufang/huahuiyuan/
4,æ¾æ æ¡¥,5,/ershoufang/songshuqiao/
5,åå·,15,/ershoufang/jiazhou/
6,ç¿ äº,20,/ershoufang/cuiyun/
7,ç©ºæ¸¯æ°å,0,/ershoufang/konggangxincheng/
8,è´¢å¯ä¸­å¿,3,/ershoufang/caifuzhongxin1/
9,åå´,1,/ershoufang/huixing/
10,äººå,38,/ershoufang/renhe/
11,æ±½åä¸­å¿,51,/ershoufang/qibozhongxin/
12,ç§æ¯å±±,24,/ershoufang/zhaomushan/
13,å¤§ç«¹æ,11,/ershoufang/dazhulin/
14,æµ·å°è·¯,1,/ershoufang/haierlu/
15,è±å­æ°æ,5,/ershoufang/huayuanxincun/
16,ç¤¼å,0,/ershoufang/lijia/
17,äºéåº,11,/ershoufang/wulidian1/
18,æ¦æ¥,0,/ershoufang/yuelai/
19,ä¸¤è·¯,0,/ershoufang/lianglu/
20,åå®¶å,20,/ershoufang/ranjiaba/
21,åæ¡¥å¯º,8,/ershoufang/nanqiaosi/
22,å­åå­,0,/ershoufang/yuanboyuan/
23,ç³é©¬æ²³,13,/ershoufang/shimahe/
24,é¾æºª,7,/ershoufang/longxi/
25,ç³å­å±±,17,/ershoufang/shizishan/
26,æ°çå,18,/ershoufang/xinpaifang/
27,åç¯,8,/ershoufang/beihuan/
28,æ¯çº¿æ²,4,/ershoufang/maoxiangou/
29,ç³æ¡¥éº,24,/ershoufang/shiqiaopu/
30,ç³åªæ¡¥,7,/ershoufang/shipingqiao/
31,è¥¿å½­,1,/ershoufang/xipeng/
32,ç½å¸é©¿,0,/ershoufang/baishiyi/
33,éå®¶åª,1,/ershoufang/chenjiaping/
34,æ¨å®¶åª,12,/ershoufang/yangjiaping/
35,å·´å½å,16,/ershoufang/baguocheng/
36,è°¢å®¶æ¹¾,13,/ershoufang/xiejiawan/
37,é»æ¡·åª,9,/ershoufang/huangjueping/
38,äºé,9,/ershoufang/erlang/
39,é©¬çä¹¡,3,/ershoufang/mawangxiang/
40,å¤§åª,28,/ershoufang/daping/
41,å¨ç©å­,2,/ershoufang/dongwuyuan1/
42,è¢å®¶å²,3,/ershoufang/yuanjiagang/
43,åå²©,1,/ershoufang/huayan/
44,åå±±,20,/ershoufang/shuangshan/
45,åå¬é,13,/ershoufang/sigongli/
46,å¼¹å­ç³,24,/ershoufang/danzishi/
47,å­å¬é,17,/ershoufang/liugongli/
48,ååª,49,/ershoufang/nanping/
49,åæ»¨è·¯,30,/ershoufang/nanbinlu/
50,åå±±,1,/ershoufang/nanshan3/
51,è¶å­æ°åº,0,/ershoufang/chayuanxinqu/
52,ä¸¹é¾è·¯,11,/ershoufang/danlonglu/
53,èä¾¨åå²,15,/ershoufang/rongqiaobandao/
54,æå¤©é¨,1,/ershoufang/chaotianmen/
55,è¢å®¶å²,3,/ershoufang/yuanjiagang/
56,è§£æ¾ç¢,16,/ershoufang/jiefangbei1/
57,ä¸¤è·¯å£,6,/ershoufang/lianglukou/
58,ä¸æ¸å¯º,2,/ershoufang/shangqingsi/
59,å¤§åª,28,/ershoufang/daping/
60,åé¾æ¡¥,9,/ershoufang/hualongqiao/
61,é©¬çä¹¡,3,/ershoufang/mawangxiang/
62,ä¹å®«åº,12,/ershoufang/jiugongmiao/
63,å¤§æ¸¡å£åºåº,4,/ershoufang/dadukouqufu/
64,å»ºè®¾æ,3,/ershoufang/jianshecun/
65,æ­¥è¡è¡,16,/ershoufang/buxingjie/
66,åå±±,20,/ershoufang/shuangshan/
67,é¿å¯¿,1,/ershoufang/changshou/
68,æ¶ªéµ,1,/ershoufang/fuling1/
69,ç¶¦æ±,50,/ershoufang/qijiang1/
70,é¾æ´²æ¹¾,22,/ershoufang/longzhouwan/
71,ä¹å¬é,27,/ershoufang/jiugongli/
72,èæ±åå²,24,/ershoufang/ronghuibandao/
73,æå®¶æ²±,12,/ershoufang/lijiatuo1/
74,åæ³,2,/ershoufang/nanquan/
75,é±¼æ´,32,/ershoufang/yudong2/
76,çç³,0,/ershoufang/jieshi/
77,æ±æ´¥,98,/ershoufang/jiangjin1/
78,å·¥äººæ,5,/ershoufang/gongrencun/
79,æ²æ­£è¡,10,/ershoufang/shazhengjie/
80,æ¨å¬æ¡¥,9,/ershoufang/yanggongqiao/
81,å¤§å­¦å,30,/ershoufang/daxuecheng2/
82,ç£å¨å£,1,/ershoufang/ciqikou/
83,çå£«å¢,6,/ershoufang/lieshimu/
84,éå®¶æ¡¥,2,/ershoufang/chenjiaqiao/
85,å¤©ææ¡¥,8,/ershoufang/tianxingqiao/
86,æ¸ç¢è·¯,2,/ershoufang/yubeilu/
87,ç«è¥¿è·¯,3,/ershoufang/zhanxilu/
88,æ¢¨æ æ¹¾,3,/ershoufang/lishuwan/
89,æ²æ»¨è·¯,17,/ershoufang/shabinlu/
90,å¤å¤©è·¯,7,/ershoufang/fengtianlu/
91,å³å¨è·¯,3,/ershoufang/laodonglu/
92,å°é¾å,8,/ershoufang/xiaolongkan/
93,ä¸å³¡å¹¿åº,6,/ershoufang/sanxiaguangchang/
94,åæ¡¥å¯º,8,/ershoufang/nanqiaosi/
95,é¾å¤´å¯º,45,/ershoufang/longtousi/
96,æ±åå´,2,/ershoufang/jiangbeizui/
97,äºéåº,11,/ershoufang/wulidian1/
98,ç³é©¬æ²³,13,/ershoufang/shimahe/
99,é±¼å´,0,/ershoufang/yuzui/
100,è§é³æ¡¥,23,/ershoufang/guanyinqiao/
101,é»æ³¥ç£,12,/ershoufang/huangnibang/
102,åæ»¨è·¯,20,/ershoufang/beibinlu/
103,å¤§ç«¹æ,11,/ershoufang/dazhulin/
104,ç³å­å±±,17,/ershoufang/shizishan/
105,æµ·å°è·¯,1,/ershoufang/haierlu/
106,åå®¶å,20,/ershoufang/ranjiaba/
107,è±åå­,12,/ershoufang/huahuiyuan/
108,åç¯,8,/ershoufang/beihuan/
109,å¤§ç³å,25,/ershoufang/dashiba/
